{"accuracies": {"11.0": 42.857142857142854, "12.0": 75.0, "13.0": 34.0, "14.0": 30.0, "15.0": 8.823529411764707, "16.0": 60.0, "17.0": 65.51724137931035, "18.0": 85.71428571428571, "19.0": 42.857142857142854, "21.0": 49.494949494949495, "22.0": 56.896551724137936, "23.0": 65.78947368421053, "41.0": 32.35294117647059, "42.0": 64.58333333333334, "43.0": 40.32258064516129, "51.0": 66.3265306122449, "52.0": 78.125, "71.0": 50.0, "81.0": 18.181818181818183, "82.0": 54.54545454545454, "83.0": 50.0, "84.0": 39.39393939393939, "85.0": 34.61538461538461, "86.0": 41.66666666666667, "87.0": 61.76470588235294, "88.0": 29.166666666666668, "89.0": 75.0, "161.0": 0.0}}