{"accuracies": {"11.0": 14.285714285714285, "12.0": 46.42857142857143, "13.0": 20.0, "14.0": 5.0, "15.0": 26.47058823529412, "16.0": 0.0, "17.0": 41.37931034482759, "18.0": 14.285714285714285, "19.0": 42.857142857142854, "21.0": 9.090909090909092, "22.0": 12.068965517241379, "23.0": 26.31578947368421, "41.0": 14.705882352941178, "42.0": 31.25, "43.0": 17.741935483870968, "51.0": 29.591836734693878, "52.0": 43.75, "71.0": 50.0, "81.0": 63.63636363636363, "82.0": 48.484848484848484, "83.0": 25.0, "84.0": 30.303030303030305, "85.0": 15.384615384615385, "86.0": 25.0, "87.0": 29.411764705882355, "88.0": 37.5, "89.0": 12.5, "161.0": 7.4074074074074066}}