{"accuracies": {"11.0": 35.714285714285715, "12.0": 60.71428571428571, "13.0": 36.0, "14.0": 45.0, "15.0": 5.88235294117647, "16.0": 40.0, "17.0": 55.172413793103445, "18.0": 42.857142857142854, "19.0": 71.42857142857143, "21.0": 35.35353535353536, "22.0": 50.0, "23.0": 60.526315789473685, "41.0": 26.47058823529412, "42.0": 57.291666666666664, "43.0": 35.483870967741936, "51.0": 41.83673469387755, "52.0": 70.3125, "71.0": 50.0, "81.0": 45.45454545454545, "82.0": 54.54545454545454, "83.0": 25.0, "84.0": 66.66666666666666, "85.0": 38.46153846153847, "86.0": 66.66666666666666, "87.0": 38.23529411764706, "88.0": 29.166666666666668, "89.0": 62.5, "161.0": 0.0}}