{"accuracies": {"51.0": 0.3333333333333333, "52.0": 0.5238095238095238, "53.0": 0.0, "81.0": 0.6923076923076923, "82.0": 0.48484848484848486, "83.0": 0.0, "84.0": 0.2702702702702703, "85.0": 0.16666666666666666, "86.0": 0.2916666666666667, "87.0": 0.2571428571428571, "88.0": 0.2727272727272727, "89.0": 0.14285714285714285}}