{"accuracies": {"51.0": 0.38095238095238093, "52.0": 0.7619047619047619, "53.0": 0.0, "81.0": 0.6153846153846154, "82.0": 0.48484848484848486, "83.0": 0.3333333333333333, "84.0": 0.4864864864864865, "85.0": 0.2916666666666667, "86.0": 0.375, "87.0": 0.5142857142857142, "88.0": 0.42424242424242425, "89.0": 0.2857142857142857}}