{"accuracies": {"51.0": 0.47619047619047616, "52.0": 0.7619047619047619, "53.0": 0.0, "81.0": 0.5384615384615384, "82.0": 0.5151515151515151, "83.0": 0.3333333333333333, "84.0": 0.6486486486486487, "85.0": 0.4583333333333333, "86.0": 0.5833333333333334, "87.0": 0.37142857142857144, "88.0": 0.3333333333333333, "89.0": 0.5}}