{"accuracies": {"51.0": 0.7142857142857143, "52.0": 0.6666666666666666, "53.0": 1.0, "81.0": 0.46153846153846156, "82.0": 0.6363636363636364, "83.0": 0.3333333333333333, "84.0": 0.3783783783783784, "85.0": 0.5, "86.0": 0.2916666666666667, "87.0": 0.37142857142857144, "88.0": 0.5151515151515151, "89.0": 0.5714285714285714}}