{"accuracies": {"51.0": 52.38095238095239, "52.0": 90.47619047619048, "53.0": 100.0, "81.0": 23.076923076923077, "82.0": 48.484848484848484, "83.0": 66.66666666666666, "84.0": 37.83783783783784, "85.0": 29.166666666666668, "86.0": 41.66666666666667, "87.0": 60.0, "88.0": 36.36363636363637, "89.0": 71.42857142857143}}