{"accuracies": {"51.0": 38.095238095238095, "52.0": 76.19047619047619, "53.0": 0.0, "81.0": 61.53846153846154, "82.0": 48.484848484848484, "83.0": 33.33333333333333, "84.0": 48.64864864864865, "85.0": 29.166666666666668, "86.0": 37.5, "87.0": 51.42857142857142, "88.0": 42.42424242424242, "89.0": 28.57142857142857}}