{"accuracies": {"11.0": 7.142857142857142, "12.0": 7.142857142857142, "13.0": 10.0, "14.0": 0.0, "15.0": 5.88235294117647, "16.0": 0.0, "17.0": 0.0, "18.0": 14.285714285714285, "19.0": 28.57142857142857, "21.0": 2.0202020202020203, "22.0": 3.4482758620689653, "23.0": 5.263157894736842, "41.0": 2.941176470588235, "42.0": 12.5, "43.0": 4.838709677419355, "51.0": 3.061224489795918, "52.0": 31.25, "71.0": 50.0, "81.0": 36.36363636363637, "82.0": 6.0606060606060606, "83.0": 25.0, "84.0": 9.090909090909092, "85.0": 11.538461538461538, "86.0": 12.5, "87.0": 2.941176470588235, "88.0": 12.5, "89.0": 0.0, "161.0": 7.4074074074074066}}