{"accuracies": {"11.0": 42.857142857142854, "12.0": 50.0, "13.0": 30.0, "14.0": 25.0, "15.0": 47.05882352941176, "16.0": 20.0, "17.0": 34.48275862068966, "18.0": 28.57142857142857, "19.0": 14.285714285714285, "21.0": 39.39393939393939, "22.0": 24.137931034482758, "23.0": 42.10526315789473, "41.0": 50.0, "42.0": 44.79166666666667, "43.0": 37.096774193548384, "51.0": 68.36734693877551, "52.0": 57.8125, "71.0": 0.0, "81.0": 45.45454545454545, "82.0": 60.60606060606061, "83.0": 25.0, "84.0": 36.36363636363637, "85.0": 53.84615384615385, "86.0": 29.166666666666668, "87.0": 35.294117647058826, "88.0": 54.166666666666664, "89.0": 50.0, "161.0": 74.07407407407408}}