{"accuracies": {"51.0": 47.61904761904761, "52.0": 76.19047619047619, "53.0": 0.0, "81.0": 53.84615384615385, "82.0": 51.515151515151516, "83.0": 33.33333333333333, "84.0": 64.86486486486487, "85.0": 45.83333333333333, "86.0": 58.333333333333336, "87.0": 37.142857142857146, "88.0": 33.33333333333333, "89.0": 50.0}}