{"accuracies": {"51.0": 0.0, "52.0": 47.61904761904761, "53.0": 0.0, "81.0": 38.46153846153847, "82.0": 6.0606060606060606, "83.0": 33.33333333333333, "84.0": 10.81081081081081, "85.0": 12.5, "86.0": 8.333333333333332, "87.0": 2.857142857142857, "88.0": 12.121212121212121, "89.0": 7.142857142857142}}