{"accuracies": {"11.0": 21.428571428571427, "12.0": 39.285714285714285, "13.0": 36.0, "14.0": 20.0, "15.0": 20.588235294117645, "16.0": 40.0, "17.0": 44.827586206896555, "18.0": 42.857142857142854, "19.0": 57.14285714285714, "21.0": 26.262626262626267, "22.0": 36.206896551724135, "23.0": 23.684210526315788, "41.0": 14.705882352941178, "42.0": 59.375, "43.0": 27.419354838709676, "51.0": 43.87755102040816, "52.0": 73.4375, "71.0": 50.0, "81.0": 63.63636363636363, "82.0": 51.515151515151516, "83.0": 25.0, "84.0": 54.54545454545454, "85.0": 30.76923076923077, "86.0": 25.0, "87.0": 50.0, "88.0": 41.66666666666667, "89.0": 25.0, "161.0": 11.11111111111111}}