{"accuracies": {"51.0": 71.42857142857143, "52.0": 66.66666666666666, "53.0": 100.0, "81.0": 46.15384615384615, "82.0": 63.63636363636363, "83.0": 33.33333333333333, "84.0": 37.83783783783784, "85.0": 50.0, "86.0": 29.166666666666668, "87.0": 37.142857142857146, "88.0": 51.515151515151516, "89.0": 57.14285714285714}}