{"accuracies": {"51.0": 33.33333333333333, "52.0": 52.38095238095239, "53.0": 0.0, "81.0": 69.23076923076923, "82.0": 48.484848484848484, "83.0": 0.0, "84.0": 27.027027027027028, "85.0": 16.666666666666664, "86.0": 29.166666666666668, "87.0": 25.71428571428571, "88.0": 27.27272727272727, "89.0": 14.285714285714285}}