{"accuracies": {"51.0": 0.5238095238095238, "52.0": 0.9047619047619048, "53.0": 1.0, "81.0": 0.23076923076923078, "82.0": 0.48484848484848486, "83.0": 0.6666666666666666, "84.0": 0.3783783783783784, "85.0": 0.2916666666666667, "86.0": 0.4166666666666667, "87.0": 0.6, "88.0": 0.36363636363636365, "89.0": 0.7142857142857143}}