{"accuracies": {"51.0": 0.0, "52.0": 0.47619047619047616, "53.0": 0.0, "81.0": 0.38461538461538464, "82.0": 0.06060606060606061, "83.0": 0.3333333333333333, "84.0": 0.10810810810810811, "85.0": 0.125, "86.0": 0.08333333333333333, "87.0": 0.02857142857142857, "88.0": 0.12121212121212122, "89.0": 0.07142857142857142}}